0,1,2
-1.50433553364524,-1.44413586509371,0
-0.85639921655171,-1.35685370039634,0
-0.851261747076529,-0.935574684113588,0
-0.889057754900697,-1.05260652667492,0
-0.910591643200349,-1.03530579054132,0
-0.635610849166079,-0.354301584931031,0
-1.32843398670232,-0.89780436182299,0
-0.942762901956272,-1.05111397829086,0
-0.692024028883067,-1.08667732345436,0
-1.16538284530704,-1.49057888956969,0
-0.598342164911589,-0.613145636046374,0
-1.40297590548242,-1.38640997144852,0
-0.610370949658862,-0.766269026041721,0
-1.12622186173572,-1.18794934709699,0
-0.717330086771989,-0.752228340888524,0
-1.30717301626325,-0.800737902767331,0
-0.552421255314739,-0.677956821970895,0
-0.557397597580639,-1.17726264371902,0
-0.618083175890721,-0.860477571486108,0
-1.27275822298018,-1.34308538299192,0
-0.529628194069583,-0.301941750661816,0
-0.733381084186726,-1.1868535178403,0
-0.742707698701742,-0.879221846955082,0
-0.704653478296937,-0.666582601251932,0
-0.285874087602546,-0.282650762949716,0
-1.3080278994028,-1.11109293089997,0
-1.35381304201238,-1.08859627480558,0
-1.31065040114177,-1.65692741579657,0
-1.07380459469405,-1.59798777318662,0
-0.650164372692793,-1.14147088530957,0
-1.35107660119926,-1.02651260509704,0
-1.02017010357432,-0.536955019398702,0
-0.770660987678529,-0.706710795669633,0
-0.927462644043187,-1.21575015112415,0
-1.21560295184167,-0.709099110910445,0
-0.720377839285588,-0.444546652537317,0
-1.03226539618745,-0.551792420071911,0
-1.14247572195914,-0.975562960384182,0
-1.15944701104711,-1.11209066125068,0
-0.646568016174878,-0.226832151323048,0
-0.574930987498057,-0.464748494973715,0
-1.07662695005719,-1.31935980868284,0
-1.0779285669964,-0.768334046653142,0
-0.888149877839576,-1.1236669957445,0
-0.044193088633469,-0.207725037444532,0
-0.749262058594915,-0.86663284585524,0
-0.70347621131556,-0.569535534326249,0
-0.78185799048954,-0.790800533658098,0
-1.0942690964784,-1.34381272783783,0
-1.01661650597889,-0.427369860293634,0
-1.12087920504716,-1.49408456664729,0
-0.971466294286713,-0.816099746912361,0
-1.3237227803182,-1.32240960296681,0
-0.752147146161513,-0.928816352945947,0
-1.16437543489022,-1.09995241875769,0
-0.793240752439233,-0.825392913478253,0
-0.884891040649455,-0.675672083967624,0
-0.789225124324666,-0.63487063345258,0
-1.23607795142925,-1.13201441546646,0
-0.806155916528117,-0.417219446958164,0
-0.788526129180652,-0.650613698095777,0
-0.618208678902547,-1.05899774243977,0
-1.04103888864383,-0.969915896502958,0
-0.952395381338525,-0.874325694717089,0
-0.71751460850549,-0.892200677402279,0
-1.03788454545486,-0.519578504632917,0
-1.15657604540686,-1.32073095863301,0
-1.0851827920803,-1.22984431608751,0
-0.882200311417786,-0.635597474745999,0
-0.689010705962483,-1.1189001161658,0
-0.699216568952678,-0.644365706289673,0
-1.07803028986454,-0.748137935883815,0
-0.79843897719048,-0.577623883276782,0
-1.06923947316111,-1.12139225451663,0
-1.23193554616608,-1.1257895163281,0
-0.779315296978772,-0.462640572951383,0
-0.606101225324002,-0.548712771574899,0
-0.985720634184748,-0.870476954040117,0
-0.743262968916327,-0.727342563045911,0
-0.983422811769844,-0.710245061907268,0
-0.730200591511476,-0.683149702627972,0
-0.791389484702894,-1.12878826889344,0
-1.72686477023444,-1.83153520927914,0
-0.621379244065627,-0.194138519808153,0
-0.670977434380204,-0.535152264621006,0
-1.16170625813636,-1.36181546706123,0
-0.79406727410482,-0.92304610773385,0
-0.807419288951355,-1.23597687642477,0
-0.588115345757044,-0.58390296705833,0
-1.30037037165171,-1.16346113362636,0
-1.50479544143067,-1.3737102991485,0
-0.799372946807139,-0.813972794426619,0
-0.301605414061013,-0.491033734619772,0
-0.678675292882214,-0.571335749626763,0
-1.10540484270458,-1.27492859218349,0
-0.679512188238135,-1.07278023802066,0
-0.935898294941955,-0.863658499915742,0
-1.03161688566034,-1.25408356451475,0
-1.61418474385126,-1.35740312984129,0
-0.892265858976301,-1.02868301035187,0
-0.873069754242479,-0.820493270213177,0
-0.983642359367819,-0.851943553566596,0
-1.27236805883302,-0.930000692862618,0
-1.28099291917404,-1.34627310034613,0
-1.04201061182261,-1.1566873810363,0
-0.91648771341955,-0.384104508446337,0
-0.958881252047057,-0.409254320374047,0
-0.872071411183282,-0.791371994376974,0
-1.27340165166987,-1.30087780274425,0
-1.05339760132649,-1.12921164445391,0
-0.806756197148622,-0.834011825508222,0
-0.87924665063261,-0.419645653683487,0
-1.02522764802642,-0.556897412817591,0
-0.178818826722306,-0.084732067601165,0
-1.09875072881207,-1.19410744496916,0
-1.31706161886724,-1.17983995762153,0
-0.906117347824782,-0.779065561289007,0
-1.78834133721871,-1.81089865182973,0
-1.01266543751307,-1.13860338261097,0
-0.906422350924596,-1.25433592163216,0
-1.06665308094258,-0.400555762019578,0
-1.30922594715652,-1.17064717851874,0
-1.40474839061281,-0.935274193993666,0
-1.26974884020381,-0.733002923003733,0
-1.2774750860962,-1.26613237884878,0
-1.29296500203092,-1.97904935127893,0
-0.808511311612182,-0.717094781327166,0
-0.680863849120715,-0.691286880336739,0
-0.725986832174826,-0.878750450174251,0
-1.78506162469902,-1.70382872199984,0
-1.0303160198037,-0.674799809255067,0
-0.947737641704022,-0.701327275379625,0
-1.16896509825254,-0.743265590338041,0
-0.596743347510147,-0.343813744387341,0
-0.912186824831468,-1.22442429628751,0
-1.20510966325117,-1.47178205782345,0
-1.46047149065257,-1.37424564154924,0
-1.16307436088071,-1.16257294584976,0
-1.09049402603285,-1.61786535562629,0
-0.934621441077682,-1.10363786416046,0
-1.0346664595491,-1.05487641059391,0
-1.07737113131366,-1.3201103175297,0
-1.64759411543368,-1.08585722148555,0
-0.894547793273052,-0.89013773611919,0
-1.12582033551228,-0.795112737619441,0
-1.42333220362665,-1.80638097580475,0
-0.704948648842109,-0.967654356498854,0
-0.521180590661746,-0.922189678163919,0
-0.981808538305153,-1.30232980817412,0
-1.45389776186604,-1.25807223055159,0
-0.586945049135785,-0.827582495544329,0
-0.874232299740629,-0.477808831531619,0
-0.607446913221393,-0.978011774138688,0
-0.967177474622257,-0.863963823826554,0
-0.876242900250213,-0.419596238289989,0
-1.05666250212865,-0.94157270525346,0
-0.705220553570507,-0.686340920001977,0
-0.755078893304076,-1.35672663402117,0
-0.916515555917607,-1.40481099942483,0
-0.84673915259703,-1.23881026192985,0
-1.56376250709776,-1.54061145035067,0
-1.2685457218968,-1.04893437361017,0
-0.415839192898523,-0.981971753828783,0
-0.921805932304062,-0.669226774533631,0
-1.03609326695796,-0.82713625761543,0
-1.12534421263783,-1.55382553095357,0
-1.17392448010219,-0.65516067471235,0
-0.651700631353571,-1.1747451997982,0
-0.856925525117332,-0.972148726631346,0
-1.01616676260731,-1.26711107867705,0
-0.830502777072697,-1.42553005571248,0
-1.31210670633305,-0.91343933559315,0
-1.22850504003017,-1.67487118696704,0
-0.844278747462944,-1.65199339844591,0
-1.03364153547534,-1.05847468850341,0
-0.69080600059479,-0.564668045688243,0
-1.06025621824612,-0.81157913323453,0
-1.00894216902121,-0.948535191139831,0
-0.312724571734362,-0.558201127070684,0
-0.838306875581251,-0.74168620996595,0
-1.05683901146594,-0.653149760168609,0
-0.687300243232263,-0.721466437138066,0
-1.01405608234854,-1.08272307625568,0
-1.06057150284761,-1.22786061567506,0
-1.34582867000769,-1.47606532468227,0
-1.27738326179024,-1.32024289551701,0
-1.29265493937766,-1.71398050089862,0
-1.07616523508291,-1.20720092590934,0
-1.10466279964352,-0.791209627185568,0
-0.535263828253674,-0.850468955261571,0
-0.683941696911817,-0.58165804464428,0
-0.41558192920052,-0.326585656208495,0
-0.504813544154246,-0.767481825934032,0
-0.87497632496081,-0.759410037340104,0
-0.740686453581031,-0.85037957249691,0
-0.925157521898596,-0.995187078107504,0
-0.150613912812576,-0.176895925809821,0
-1.05570879674336,-0.762924852995922,0
-1.59481483819802,-1.48130633900145,0
-0.912857590679372,-1.17211547996691,0
-1.03507170541641,-0.827799916465842,0
-1.26230675439713,-1.53765144101617,0
-1.08030014351289,-0.868003286266326,0
-1.51287981835348,-1.50347311556678,0
-0.751781874977724,-0.917137127659661,0
-0.807719016286438,-0.968985623135328,0
-1.268736669409,-1.00774899682396,0
-1.24766989407183,-0.950467341699828,0
-0.85043608171465,-0.732182725683879,0
-0.847428979128262,-0.821571246115628,0
-1.30903222904527,-1.35529410265235,0
-0.398056936257816,-0.403331110982593,0
-0.646040308402103,-1.02517751916413,0
-0.792570739008391,-0.507976493997063,0
-1.40977172063388,-1.59386204294049,0
-1.32721146380098,-1.04279907011494,0
-0.617042970231752,-0.58814726292531,0
-0.954860804178497,-0.905626612815133,0
-0.47004184124991,-0.509942205136451,0
-1.34898550503175,-1.04388979301667,0
-1.4637541489057,-1.61218625899719,0
-1.5434803509421,-1.42449787676404,0
-0.614049806939761,-0.364198740481593,0
-0.889351565133153,-0.73725926489737,0
-1.00891655231335,-0.680446407242668,0
-1.01099429111403,-1.09336648483576,0
-1.25322357906288,-1.2144464712835,0
-0.923648782319525,-0.566575755227987,0
-0.793973981583609,-0.949622598468632,0
-0.699244705302971,-1.07239792799731,0
-0.922929641627445,-0.405028725052934,0
-0.693223379382379,-0.659732713740219,0
-0.592860181682295,-0.718793677496805,0
-1.45755219040498,-1.26543264346644,0
-0.779470751829248,-0.75628362985765,0
-0.66283296103153,-0.844244615590021,0
-0.629356572244706,-0.838110569155679,0
-1.0912839963661,-0.940491327875436,0
-1.08589513149148,-1.14554603565916,0
-0.55767193287974,-0.52974318168495,0
-0.748317464376215,-0.480596069263793,0
-1.16837439362365,-0.984907079626505,0
-0.7310267439894,-1.20293072413978,0
-1.31756244702423,-1.0188166917616,0
-0.535387507519065,-0.448480762255323,0
-1.22825137745338,-1.55353580296857,0
-1.44450536682156,-1.593947081386,0
-0.73807299277672,-0.334136338185791,0
-0.996638025381502,-1.17948272266924,0
-1.07715488293128,-1.62784775424288,0
-1.42633733466844,-1.70242605860684,0
-1.01157813233564,-1.12599749655042,0
-1.14317771487894,-0.918030916090628,0
-0.770927889295772,-0.53189855007473,0
-0.823640913521762,-0.99659690695568,0
-0.822253868974112,-1.08229890401487,0
-0.790247382282512,-0.508556949801219,0
-0.990350024969998,-0.678165501823542,0
-1.01090412351533,-1.29804484519386,0
-0.358741749169146,-0.479252955830851,0
-1.0331239000658,-1.03774413673043,0
-0.784624733307425,-0.484762551798333,0
-0.363744593323475,-0.642205404357934,0
-1.14298330933982,-0.558136297552193,0
-1.0071559525362,-1.2881657469231,0
-1.17452739233328,-1.00924091735645,0
-1.19978166570868,-1.33846143357412,0
-0.732207427308266,-0.67285750667955,0
-1.18571200126378,-0.769701049482717,0
-1.51155968629531,-1.77432002797526,0
-0.799995982288417,-0.798340536010379,0
-0.916789979092776,-0.776951217413189,0
-1.11441322274026,-1.05956644674371,0
-1.33474160578813,-1.41936412449816,0
-0.544531640265473,-0.926490724040446,0
-0.586438623489065,-0.830888849802934,0
-0.455345912805237,-0.214758814166798,0
-0.980726634247783,-1.09833612686696,0
-0.589788677113141,-0.982440166240511,0
-0.815792758987489,-0.289417117323608,0
-0.324764116126597,-0.213101558516509,0
-1.18084365133858,-1.16700525436422,0
-0.916675570955007,-0.699072030360572,0
-0.67412367149717,-0.487785598904588,0
-1.29943562298735,-1.62326312384882,0
-0.727591428928863,-0.662840842596897,0
-1.33446646490932,-1.00654451985485,0
-1.1074443007214,-1.30725583644521,0
-0.649520055453174,-0.54650841232294,0
-0.996088775870769,-1.30210695051831,0
-0.996021707154584,-0.907386379196483,0
-1.19112048178449,-1.48877319343377,0
-1.03739373907949,-1.36698548475567,0
-0.826931267839202,-0.832354466833368,0
-1.62279823908286,-0.783262508312882,0
-1.06334849031602,-0.937372172963304,0
-1.15484742644885,-1.55063505783958,0
-1.09293503991837,-1.44873143320365,0
-1.52700507332261,-1.19199250005896,0
-1.04613924247599,-1.27684649061464,0
-1.45727283086698,-1.44048479453192,0
-1.02757193648525,-0.874366564217417,0
-0.488879242027696,-0.316705018399685,0
-1.26791648723753,-1.20799088526196,0
-0.93279879870365,-1.19124009187325,0
-1.1562333885209,-1.12190690897606,0
-0.920037285652567,-1.06949765847442,0
-1.28950075135362,-0.981853165028698,0
-1.12984175916329,-0.900765132466084,0
-1.4490421621806,-1.0654156393279,0
-1.0067677861607,-1.06961070685034,0
-0.836603249830922,-0.817767076948211,0
-1.18016753082703,-0.945337464342365,0
-0.842498278271546,-0.786834828900522,0
-0.753549503854947,-0.381016194681739,0
-0.86696469958471,-0.756743537897137,0
-0.726999685686986,-0.781782630058938,0
-0.873765368330272,-0.393280256823654,0
-1.0487388548795,-1.10338763047954,0
-0.639471992367023,-0.770356501944747,0
-1.2348226471478,-0.805689450955096,0
-0.478390166572612,-0.6756521510352,0
-0.861997490841908,-1.0228524170584,0
-0.476288587880476,-0.415405364378969,0
-1.06574559364988,-1.51085906278738,0
-1.08312499606726,-0.830086534030725,0
-1.21140877066907,-1.35415200999534,0
-1.66207183553865,-1.58694048185019,0
-0.78818992739554,-0.496582314002476,0
-0.691789273612925,-0.413864261721442,0
-0.644192023405205,-0.389760885426611,0
-0.864269425733316,-0.540454465295837,0
-1.20127399061248,-1.10405051334244,0
-1.04733886797066,-0.756578396197407,0
-0.462777826723248,-0.286551800956151,0
-1.11427403497699,-0.975608538542889,0
-1.44884600990512,-0.482837881972916,0
-1.04486233621549,-0.831639475660888,0
-1.10774760972435,-0.690012303427058,0
-0.486331701997089,0.035784294944185,0
-0.602906454428456,-1.18468830598456,0
-0.631450807361041,-0.641402547167715,0
-1.00912216116338,-1.02611125484312,0
-1.19033478619493,-1.22474881338162,0
-0.790941528353522,-1.36116491734857,0
-1.16636533797291,-0.91013525298808,0
-0.705545042397849,-1.19278068583255,0
-0.68303808281474,-0.189757160417506,0
-0.734736716548259,-0.891285044939844,0
-0.764995184673282,-0.554351713425254,0
-0.726068933367166,-0.937955560230335,0
-0.511891209915228,-0.490021933641936,0
-1.23599637844698,-1.3066020853762,0
-1.22370688118405,-1.20386501636543,0
-1.01105716197844,-0.966327477757225,0
-1.03616447762593,-0.760897301373013,0
-1.05781482347713,-1.22687293959424,0
-0.988039827694766,-1.01094170834226,0
-1.10887062603561,-1.07476926120502,0
-0.975035903736849,-1.38246379567516,0
-1.15588951100779,-0.814921511907276,0
-0.674099563750413,-0.199818442226957,0
-1.02785451893294,-1.09153167859132,0
-0.507273026867145,-0.155625974311858,0
-0.639903708382304,-0.743538308692587,0
-1.04402119892932,-1.33477871472569,0
-0.591089061535136,-0.865540323996577,0
-0.963946007156117,-0.801109303471704,0
-1.10066139369949,-1.00308860984943,0
-0.865789886532792,-0.815331273414271,0
-0.892624217089453,-0.333636289278158,0
-0.878614063394326,-1.40676708420079,0
-0.755551826564267,-0.290327453883359,0
-0.52986389679626,-0.600881643830218,0
-0.997913800566043,-1.30305508945247,0
-1.38006075006099,-0.963634208472229,0
-0.79414900402834,-0.463273719033506,0
-0.629298924864041,-0.865813466184965,0
-1.04345746075743,-0.986131519775457,0
-0.840789361819042,-0.594284164264393,0
-0.471489896864091,-0.651069387782151,0
-0.695383803945761,-0.45557214320619,0
-1.2346396883241,-1.08064507646729,0
-0.589452804185319,-0.510043257259525,0
-0.977965783134408,-1.42419039458157,0
-0.761948545514364,-0.560608858249797,0
-1.17740363368634,-1.13037295768156,0
-1.13527564701468,-1.06454090822607,0
-0.991935827785371,-1.02444575823745,0
-0.686526322999095,-0.722235059244622,0
-0.99776579930499,-0.362432497535503,0
-1.03066242152053,-1.04037915756787,0
-0.880819731348829,-0.902473804436639,0
-0.914300696873752,-0.757954599763801,0
-1.00292232189255,-0.783171167447255,0
-0.778393816051567,-0.660330651306806,0
-1.13124272663182,-1.46725091963863,0
-1.02149564713897,-0.959183816220017,0
-0.825572897454496,-0.943465956697903,0
-0.496845902464972,-0.127162858249378,0
-0.600620240241375,-0.90068212245584,0
-1.02128616473182,-1.5316823757454,0
-1.26491346461521,-1.17842341833547,0
-1.11811105308697,-1.17988712081067,0
-0.473795689384425,-0.938189505605204,0
-1.34597494174578,-1.51819137367313,0
-0.914444574865047,-0.47235849210357,0
-0.756628589021224,-0.798129628426899,0
-0.877841209771091,-0.905290170739499,0
-0.616287555572216,-0.730769505423886,0
-1.38069162239128,-1.21718621844603,0
0.04112640012605,-0.384585037657135,0
-1.04494137170979,-1.08442981934731,0
-0.918739081394347,-0.625714059274507,0
-0.520801539034639,-0.139827891786738,0
-1.03162952991705,-0.887456821860529,0
-1.08730770549741,-0.867387938160005,0
-0.846273815991899,-0.981670417644922,0
-1.1945074857996,-1.17147148625279,0
-0.684703048191916,-0.280837054671512,0
-1.40558852027051,-1.05748922707488,0
-1.00304449064866,-0.910159595872642,0
-0.778770877814397,-1.02517330359904,0
-0.987011528832558,-0.940256875778404,0
-0.889036650599146,-0.375913682091873,0
-0.431712358343794,-0.595713109160637,0
-0.849689503778254,-0.480463126855763,0
-0.859331622450945,-0.936338182752894,0
-0.646936850913186,-0.821132188069149,0
-0.647249960299497,-0.331190402427913,0
-1.20021791015138,-0.953360297619413,0
-0.935840556778936,-0.240069900644165,0
-0.530925274748547,-1.04720428436786,0
-0.880655468074783,-0.832791117513964,0
-1.10558291111351,-1.40101801133924,0
-1.24411310062908,-0.804476122852278,0
-0.658332483017871,-0.827108050958218,0
-0.478793764568183,-0.357146376490872,0
-1.25699577450244,-1.0779710050117,0
-1.29452712117375,-0.940905859176802,0
-1.05809948257906,-0.805525056377333,0
-0.625959969184869,-0.805071278691718,0
-0.969796927263245,-1.19503886230096,0
-1.21578601364308,-0.864630175678135,0
-1.02246898580956,-1.23143586698674,0
-0.832412584145456,-0.440816687257942,0
-0.730690783591996,-0.679130500380968,0
-0.884529065871419,-0.860264118268074,0
-1.23691016009106,-1.41527670498822,0
-0.646438149624413,-0.210141177344253,0
-1.07026748928257,-0.881597688577678,0
-1.0035510131942,-0.793085807693566,0
-1.41609471399946,-1.08986540971686,0
-0.852580608248793,-0.936323867362037,0
-1.08459957809895,-1.04037222455083,0
-1.07132004845509,-1.27848273215613,0
-0.312835358269541,-0.114938667372309,0
-1.22643439308938,-1.07810709411895,0
-1.49533504551561,-1.31961817635247,0
-0.910814336941842,-0.632684568127755,0
-1.01723512629163,-0.676741953057918,0
-1.05597911856188,-0.940682239047395,0
-1.02569791687459,-1.01689776999835,0
-0.526057853029532,-0.46018565793404,0
-0.331223451925489,-0.122233042870131,0
-1.38386883696169,-0.865401783252485,0
-1.01536145894305,-1.21776281738243,0
-0.628439856103332,-0.053492068570514,0
-0.603771285488621,-0.315879320458406,0
-0.283857383149402,-0.220837447817071,0
-1.17627141221755,-1.10983242993232,0
-0.887471593498244,-1.10529853837149,0
-0.762141157551104,-0.460903217344305,0
-1.07127764759412,-1.12684771727967,0
-0.952491658399557,-1.20572261678575,0
-1.33860141421026,-1.03267655145661,0
-0.736860857411986,-0.682495297943225,0
-1.21590873214059,-1.42029377092265,0
-1.64914097277846,-1.30936953406987,0
-0.942089927963305,-0.669309591755594,0
-1.35267282888603,-1.73832236011824,0
-1.12558260471738,-1.18278624341812,0
-0.941789420363639,-0.742921129904957,0
-0.721859748981571,-1.07945412116679,0
-0.542326908533966,-0.499623764353858,0
-1.13663247758988,-1.1618954832485,0
-0.909608500209808,-0.91125024756203,0
-1.36601643958984,-1.2643880752063,0
-0.719955178139692,-0.771331721075792,0
-1.26547062172373,-1.45848179546995,0
-0.839805956583029,-0.832020039411849,0
-0.708995249500171,-0.431049699789507,0
-0.420563114900667,0.041031648714423,0
-0.743809548016489,-1.06443722454008,0
-0.920671932537454,-1.38641260732716,0
-1.16466900369791,-0.973421884451204,0
-0.762386162083706,-0.846108170976525,0
-1.18508478971085,-1.39396853471906,0
-0.986264588932137,-0.892296152019354,0
-1.37374611448709,-1.55766080812114,0
-1.043474536476,-0.739887236700712,0
-0.196369347312837,-0.183411114459799,0
-0.27644238571818,-0.705234383707724,0
-1.53772310192087,-1.54331473416728,0
-1.36948408389396,-1.48084679672917,0
-1.08308495365708,-1.21464817761412,0
-0.792287139669412,-0.792812755413853,0
-1.09808345323882,-0.690113393544608,0
-0.924887407251639,-0.815142152235159,0
-0.891386062695584,-0.842593991693564,0
-0.650542331870109,-0.31395128711431,0
-0.807796359673913,-0.778067582114118,0
-0.961255486232186,-0.689011770144561,0
-1.1080683916733,-1.11996419851352,0
-1.03018691791516,-0.942307767993324,0
-1.20996285755132,-1.09725844570498,0
-1.43928087304767,-1.04622105476578,0
-1.04355505769137,-1.41607351456007,0
-1.60976715850784,-1.08948569785842,0
-0.822070438863176,-0.919418091269851,0
-0.41242008354304,-0.13504016143731,0
-0.788980105436193,-0.264667778398075,0
-0.242758444936726,-0.140994118990302,0
-1.12394976455386,-1.25201568891449,0
-0.742409939324013,-0.648120258836981,0
-0.779516545055034,-0.852596311084828,0
-0.906396908242522,-1.05270114342522,0
-0.943701905862106,-0.723964670813837,0
-0.853949393222948,-0.795145268954217,0
-0.799356589159635,-0.528569273315443,0
-0.64831113956269,-0.348648490029544,0
-0.016076601111221,-0.159737559545087,0
-0.56445194839848,-0.239573747906509,0
-0.943999365500333,-1.30244280493807,0
-0.880821047408364,-0.502551774286108,0
-0.974103211386538,-0.822782299987474,0
-0.411059993126087,-0.766635887538051,0
-1.27355416561808,-0.67728288822978,0
-0.832950639755281,-0.660384319516819,0
-0.759736281349217,-0.397772644524586,0
-0.785631376594024,-0.891659891197776,0
-0.369575621013239,-0.423878019186266,0
-1.09405737548781,-0.736360273772575,0
-0.671831175597143,-0.376475348762199,0
-0.825378264587885,-0.89740903891916,0
-0.552390720580705,-0.983809613922126,0
-0.701919948174074,-0.234674588127773,0
-0.566109685918655,-0.652313619972243,0
-1.11586273147909,-1.72706196530405,0
-1.03228532490123,-1.1940365586203,0
-1.05061158211148,-0.835730422496059,0
-0.879243828281931,-0.937940810891551,0
-1.19093276345634,-1.05474343516882,0
-0.715384139699312,-0.75312359141903,0
-0.635604439680698,-0.256868774474633,0
-0.598612099936774,-0.52010198173009,0
-1.49835496498956,-1.35008006656995,0
-0.803784775595723,-0.999250912936733,0
-0.820065410103946,-0.562730898398833,0
-1.03875689574337,-1.05917319361626,0
-1.64041426145758,-1.95585147120376,0
-0.775536768088241,-0.866554408981397,0
-1.02800111026835,-0.958371424531966,0
-0.915707242668061,-0.715474970097938,0
-1.08003021479151,-1.18484624079688,0
-0.285932120345186,-0.001599962928441,0
-0.620375199423079,-0.773716356001048,0
-0.811044079764156,-1.14901559678421,0
-0.704661455997708,-0.674635985425365,0
-0.851157043118405,-0.771975183338326,0
-0.66150679739709,-0.71434268861445,0
-0.597294250181171,-0.658504855751461,0
-0.990220278767697,-1.08492519401756,0
-0.495363197075782,-0.519054659819368,0
-1.0442181666833,-0.765150860496336,0
-0.884443799841442,-1.01195579048161,0
-0.721874276418531,-0.169232513600668,0
-0.572964778575833,-0.862390887052439,0
-0.757232138678942,-1.25844972569711,0
-1.24978058294803,-1.25366782736225,0
-1.00152266602975,-1.29691242792703,0
-0.838784736864713,-0.60943558316376,0
-1.38461985121075,-0.670922962497076,0
-1.11877660103306,-1.67637024100372,0
-0.931658237669526,-1.04599789965175,0
-1.24332290810536,-1.31657813022835,0
-1.05328906605663,-1.1676267472675,0
-1.21091283733307,-0.85169880314213,0
-0.617914079801552,-1.15539717406524,0
-0.742629839411317,-0.302339022372598,0
-0.98005702460977,-1.07775895448807,0
-0.728837709570044,-0.427595245532555,0
-1.01235915854413,-1.06292701909532,0
-0.769192388153589,-0.804068353895493,0
-0.883365112581477,-0.730515796161076,0
-1.17221789090444,-1.74897697339488,0
-0.509486027285692,-0.498952526756655,0
-0.854063538204756,-1.2828833811556,0
-0.729295227005827,-0.827673374116772,0
-0.776318938619297,-0.897176825496741,0
-0.972088301914318,-0.743649141417711,0
-1.19175485644306,-1.06825197459381,0
-0.967376481601638,-1.17922516483117,0
-0.843806216759968,-0.653604625962507,0
-1.02453649167089,-0.825235643340791,0
-1.01785277598151,-1.02110740640428,0
-0.959370598825945,-1.39695740339058,0
-0.850410485481643,-1.01359733614308,0
-1.13589507116855,-1.35425360751643,0
-0.974473635407871,-1.10868263993044,0
-1.12226280007822,-0.95751125854908,0
-0.881089027433888,-0.858929353961309,0
-1.03782177311668,-0.849305753677037,0
-0.840815978065044,-0.833149834396858,0
-0.742726923612186,-1.00031297744816,0
-1.01121072315577,-0.9177867025306,0
-0.803481459406624,-0.370613060617609,0
-0.764014709467309,-0.555437565663145,0
-0.921396895374564,-1.40619874464763,0
-0.81362869259521,-1.25057702343303,0
-0.943754783736935,-0.775779848058388,0
-1.51775066806761,-1.38432666708066,0
-0.4613252119173,-0.522357265383665,0
-1.37595873239942,-1.39325727625103,0
-1.39076240545921,-1.65961705439473,0
-0.673329590639266,-1.03405783059526,0
-0.902031718234835,-0.569873487684919,0
-0.71484060327523,-0.47807802394877,0
-1.1142445256193,-0.93520206916868,0
-0.853423981451115,-0.85613516816967,0
-1.46173245775792,-1.88345844988707,0
-1.25166247019807,-0.886177873893869,0
-1.17401929897293,-0.762744232406426,0
-0.044787135987141,-0.047808683886081,0
-0.557276990683036,-0.649733169376415,0
-0.925991334416056,-0.812647065614698,0
-0.735226091042114,-0.492854707768449,0
-0.531788138011663,-0.242952541980945,0
-0.727243649223499,-1.21588703183021,0
-0.281605501881125,-0.727156002034697,0
-0.637236661336433,-0.597192370314134,0
-1.35367520913839,-1.21041395736729,0
-0.37115579143509,-0.969667715799578,0
-0.728761533978599,-1.12755835613164,0
-0.814179169913127,-1.01986138076737,0
-1.53900580664503,-2.11288021656011,0
-1.12833530151565,-0.669947721918977,0
-0.735919106580975,-0.962045340216731,0
-1.24995014706819,-1.90385026340383,0
-0.324066469406661,-0.62871796015187,0
-1.07466939290577,-0.911398601930179,0
-1.01880919589869,-0.459502472211353,0
-0.847167755549616,-0.871162419180611,0
-0.903703476165866,-0.592136219420465,0
-0.887141139744563,-1.02069218414914,0
-1.49331567169679,-1.22637311872401,0
-1.12254544310472,-1.52016410438654,0
-0.589604366754797,-0.641578129921456,0
-0.815705917525618,-0.943671034081663,0
-0.902603224796877,-0.739896339840127,0
-0.646599546731402,-0.565157796803935,0
-0.777837718397402,-0.911831978057724,0
-0.896882238150914,-0.704114876622059,0
-0.958294141695542,-1.19323906735904,0
-1.03907201959275,-1.02575070192359,0
-1.03892971380423,-1.13377594184366,0
-1.25679446580637,-1.19478033108941,0
-0.520568950922598,-0.83520729967841,0
-0.561224940601054,-0.413053406409882,0
-0.720412481742508,-0.796257265109345,0
-1.01178478166697,-0.682148504666093,0
-1.57845937238481,-1.68225652647752,0
-1.56967438991804,-1.48824488132548,0
-1.28449215330072,-1.39945887128399,0
-0.62504486430165,-0.454133598263631,0
-1.22263986411316,-1.6846702825516,0
-0.951422551652401,-0.890113968157797,0
-1.05337236611289,-1.36461933966207,0
-0.855488147749888,-0.586691350763625,0
-1.48741901466808,-1.51828843659647,0
-1.25136609179459,-1.23678870988218,0
-1.05389153618025,-1.17124190299034,0
-0.848602378225691,-0.994841351597133,0
-1.05944179418665,-0.765183162183351,0
-1.05507442227632,-0.884237356521059,0
-0.817444551599752,-0.603023411667919,0
0.062378348909739,-0.216791162479617,0
-0.730731291768068,-1.20964130328437,0
-1.13264586512222,-1.09541294498082,0
-0.693121287248507,-0.637759905033609,0
-0.45048831842899,-0.644932967504362,0
-0.730365995906918,-1.15031832908657,0
-1.21251816132564,-1.42417149326569,0
-1.24111561247278,-1.31407362161149,0
-0.981469103521886,-1.23685032067705,0
-0.835337503444892,-0.938452083839569,0
-1.11676760331223,-0.754458644594051,0
-0.779224680930222,-0.804219509033941,0
-1.1181759152136,-0.898103113739484,0
-0.895951137004946,-0.994456780146545,0
-0.785505145442492,-0.763396884861348,0
-0.97846289544144,-1.16908652663396,0
-0.918063154826164,-0.702994565847508,0
-0.908701350034784,-1.06048390431983,0
-1.21014809313911,-1.04070464281045,0
-1.17920777365439,-1.01878277157368,0
-0.854793859596993,-0.785543563992719,0
-1.05561157241963,-1.03158984047497,0
-0.444774050583753,-0.390839544685862,0
-1.09187517367931,-0.969066996351587,0
-0.871711418481711,-0.851627880040378,0
-0.329163340066341,-0.669292582012662,0
-0.07900240589317,-0.04186771181753,0
-1.54734590044129,-1.12947310416322,0
-0.673395190078189,-0.460408971448218,0
-1.30068858440912,-1.42152237784393,0
-0.483246042749381,-0.035919611814484,0
-0.825535924609053,-0.917147942181111,0
-1.48531825873807,-1.41302584203311,0
-1.31189202779576,-0.907261658908999,0
-0.848227934966084,-1.1014770740685,0
-1.18870004518902,-1.20913913402082,0
-1.20577422194071,-1.1156853509771,0
-0.745857570859454,-0.705351639781621,0
-0.853574656251212,-0.896360163108428,0
-0.980363775499057,-0.875007398295814,0
-0.9423667524277,-1.28002298970587,0
-1.05528278153168,-1.44942412713249,0
-1.56194051646607,-1.82732050163956,0
-1.04578978209067,-0.672946396004225,0
-0.826949316138422,-1.14854466482002,0
-0.576085371041807,-0.441590731757682,0
-1.14844084476991,-0.92741436018375,0
-1.01809675531259,-1.14377573607454,0
-1.20798358292471,-0.824977673976102,0
-0.984702650360173,0.012239320444427,0
-0.936745413395861,-0.575028939644389,0
-1.58248865471436,-1.38712218863433,0
-1.10962338884345,-0.913402785479122,0
-1.1786940064278,-1.91829985283294,0
-1.07725242800626,-1.18924195361029,0
-0.777579459824674,-0.712181539062854,0
-1.05596562092129,-0.918696001733522,0
-0.87623960348658,-0.545032690415819,0
-0.293351915962943,-0.476734179351687,0
-0.61798003680139,-0.543941470300824,0
-0.852744400505322,-0.689605084540162,0
-0.819911485686174,-0.445521778675791,0
-1.1386768875933,-1.29794577065253,0
-0.384012726858872,-0.645870959603097,0
-0.5910711356798,-0.206190032162555,0
-1.0885403684775,-1.45203649363581,0
-1.48300101584807,-1.62225291620627,0
-0.375803135481256,-0.008834659237959,0
-1.33514876192259,-1.37420916512916,0
-0.780209980573994,-0.41792526122411,0
-0.808289733889243,-0.794758090317123,0
-1.11365849639537,-1.0452163590155,0
-0.751332749307509,-1.01405962565362,0
-1.02344846748206,-1.63902014178623,0
-1.07097285312088,-1.00743435506063,0
-1.08417878240431,-1.19801778674545,0
-1.07507470941644,-0.867223641349142,0
-0.657320629356644,-0.60650935429367,0
-0.981080899770699,-1.32905653342545,0
-0.790441817893417,-0.333149704655725,0
-1.20750046324572,-1.43847967082616,0
-1.19487261314895,-1.10635359400333,0
-1.44353810944003,-1.18056845039662,0
-0.231696421140261,-0.230010687552934,0
-1.46956879941754,-1.07315974748127,0
-0.694012354648479,-1.00160166139891,0
-0.988053813724956,-1.16595966429358,0
-0.872695651300074,-1.18318043904245,0
-1.21907828880595,-1.08827836429184,0
-1.01569268612886,-1.32255705001904,0
-0.379845958778611,-0.664853232457016,0
-0.978173095269641,-1.47417035599836,0
-1.26976361201813,-0.813362198211226,0
-0.762138022716865,-0.789031393014756,0
-1.3057622979064,-1.09005223210643,0
-0.766275115192677,-0.790259749111303,0
-0.975073973998396,-1.04722142842899,0
-1.14873102373389,-1.07583881920675,0
-1.22087266261278,-1.71758376064738,0
-1.35850347068571,-1.17452789424294,0
-0.949183598574403,-0.829308742427392,0
-1.2633491951397,-1.2106052029971,0
-0.906975073987265,-0.819286421043833,0
-0.667875703688045,-0.992311804838495,0
-0.653046276925735,-0.82698338014714,0
-1.06932472907471,-0.858592197669098,0
-1.13082361755673,-0.744264878486944,0
-0.890745601797589,-1.05546103347918,0
-0.688486446870092,-0.901126886831413,0
-0.967006453482588,-0.583592809913957,0
-0.572857921751749,-0.371268080201224,0
-1.01656808568276,-0.784912326634915,0
-0.878530462863872,-0.66069525158363,0
-0.865740105490064,-0.671203325127232,0
-0.434832425912632,-0.228928325077297,0
-1.0764590681418,-1.51625066675457,0
-1.13953852890853,-1.4592334730708,0
-1.25893675605843,-1.27918272393777,0
-1.1988523236982,-1.10733762682329,0
-0.73426162432457,-0.265666217405324,0
-1.2599134545599,-1.55715034613163,0
-1.17397894378093,-1.05200144959025,0
-0.7116879759839,-0.950755027942124,0
-1.3251854226138,-1.45531560517275,0
-1.37481574812602,-0.875903457929487,0
-1.06278663606293,-1.29654201795505,0
-1.1745683129997,-1.5548449691745,0
-0.920881536025053,-0.087118958120584,0
-0.77724461739233,-0.637490698546409,0
-0.668820408115571,-0.646821211597774,0
-0.861027128309626,-1.55687102338818,0
-0.838809109098068,-0.620345745002776,0
-1.25794454110797,-1.17645429527227,0
-0.735184043716466,-0.579503627502316,0
-0.786536710424568,-0.958697568293877,0
-1.13714067498286,-0.50898907035865,0
-0.790591054936759,-0.464632827090853,0
-0.952613490059454,-1.34081040312912,0
-0.704015493315284,-0.702484448360652,0
-0.860524526334281,-0.757932451705934,0
-0.622296532155895,-0.844866286677935,0
-1.26819931536771,-1.29288718955247,0
-0.731971016413417,-0.687824398574974,0
-1.47077182317263,-1.6701947096689,0
-0.610290763001011,-0.295188270211195,0
-1.63321382343864,-1.34445953694554,0
-0.45404513176702,-0.948579811792559,0
-1.32847551755025,-1.40421663951093,0
-1.10693215486854,-1.16076187422448,0
-1.46396770023158,-1.48757395719241,0
-0.888493285928146,-0.82957823686368,0
-0.632462690404444,-0.539581681392271,0
-0.796823035602706,-1.35190484373948,0
-0.548547951555168,-0.840057810357184,0
-0.53296430803535,-0.379794564063321,0
-1.31148261700598,-1.25653752081226,0
-0.408774298460252,-0.833287587319626,0
-1.16469817765671,-1.2696183253121,0
-0.839778029458906,-1.18165595753927,0
-0.519540953257057,0.141196771736312,0
-0.765590646480419,-0.797019286156722,0
-0.726214080022797,-0.279734721743667,0
-0.838326295982578,-0.871164483452768,0
-0.962770628276346,-0.969897633272796,0
-1.23585922842168,-1.77245802404627,0
-1.0880768694656,-1.27847987436462,0
-0.786691752955473,-0.943050040132469,0
-0.982087877941823,-1.3444460618369,0
-0.827521787081198,-0.665186176604915,0
-0.746255713302766,-0.861232498179608,0
-1.05939009322981,-1.05415303385201,0
-0.850358295547396,-0.831524102339955,0
-0.745179373823679,-0.493929647391278,0
-0.516093531863749,-0.917551357683593,0
-0.974988473788658,-1.34905714776106,0
-0.648597306977946,-0.684160418064106,0
-1.11156633317941,-1.27226324466273,0
-0.780586828163592,-0.890945251439165,0
-1.01112580160574,-1.1711228990322,0
-1.09806303750199,-0.7543510527552,0
-0.844080545009568,-0.948946663794773,0
-0.611881700524048,-0.797773608247647,0
-0.498070484865963,-0.765578966386506,0
-0.786714502620941,-0.692271915030863,0
-1.04228731387958,-1.1880759692629,0
-0.934897352114364,-1.30772587330956,0
-1.6983901072046,-1.11944269770335,0
-0.930738653844583,-0.806890509621918,0
-1.01240266827207,-0.822465637956403,0
-0.644092290425436,-1.04465384028887,0
-1.08999998087005,-1.42283768735307,0
-0.96952450345287,-1.24231708586078,0
-0.774960283864445,-0.501753080434328,0
-1.38710086503625,-1.49559164491869,0
-0.82938108948903,-0.750387785733778,0
-0.65471077647462,-1.11444309926214,0
-0.772199236702164,-1.38449102912308,0
-1.02075754003483,-1.18426685454442,0
-0.885330549004717,-1.29969400015062,0
-0.752426958579648,-0.59129869074574,0
-1.38250854291453,-1.21783347231711,0
-0.965852911749422,-1.29098387047445,0
-1.10461981473969,-1.10298737373296,0
-0.927578131626309,-0.584410280891285,0
-0.827852635244915,-0.347837244745725,0
-0.696727966986372,-0.871743369530068,0
-0.811508735926336,-1.1765121424692,0
-0.799601558076165,-0.77864966017925,0
-0.381991278312492,-0.564219726129092,0
-0.496957909505392,-0.58485686283376,0
-1.22970679387453,-1.39881737627482,0
-0.890204916587167,-0.839827939342403,0
-0.623101397990716,-0.542192572792467,0
-0.734438125263941,-0.906468988323654,0
-0.390218390356796,-0.519629888565643,0
-1.3111107718554,-1.03777144713338,0
-0.848265287269887,-0.835871809633302,0
-0.731877455313377,-1.0281527027945,0
-0.52502029618653,-0.025778092342003,0
-0.65920982626161,-0.58533825111765,0
-1.35493484783448,-1.52143846187215,0
-0.90427244091361,-0.840050446510125,0
-0.849809406481323,-0.781990437706323,0
-0.917844211906789,-0.61359452733124,0
-1.00051917813293,-1.34122970719217,0
-0.512666651022889,-0.648219847089204,0
-0.716388507940974,-0.900114240122297,0
-1.16437283105287,-1.39233761978577,0
-0.824165347071084,-0.775489471127844,0
-0.40183443556617,-0.225334938520221,0
-1.21222546159964,-0.859860876489556,0
-0.633926497813602,-0.728139894308683,0
-0.986302046430201,-1.09494706957249,0
-0.592367857504113,-0.30356095231274,0
-0.894583356392575,-0.79228881500091,0
-0.70830866476673,-0.417127393249688,0
-0.80414485115791,-0.984230649422998,0
-1.25848321933564,-0.987605573664306,0
-0.752763551404063,-0.455234268072539,0
-1.44214210992251,-1.42337146611136,0
-0.58666801905503,-0.38701524748702,0
-1.19514704122766,-1.50038862773164,0
-1.42738287363296,-1.53176406904922,0
-0.997746542913383,-0.698112000582688,0
-1.10369242670022,-0.773579797701548,0
-0.9813634646822,-0.873838037229837,0
-0.981347825526738,-0.915016179997997,0
-1.16039676503735,-1.04680587367852,0
-0.935028622967237,-0.6712341861131,0
-1.0155559675152,-0.687749582376854,0
-1.13135849179911,-1.17182128794101,0
-0.749552821822025,-0.71107913563394,0
-1.3736113027764,-1.36412161831642,0
-1.23474944452965,-1.28569207549491,0
-0.820355992265767,-0.992929900772248,0
-0.417555327502452,-0.267362671100475,0
-0.965306471650077,-0.977171646497168,0
-1.11626860393122,-1.40257624363083,0
-1.34859871233575,-1.79309733312699,0
-0.948030544791134,-1.27265519530759,0
-0.956446091814807,-0.636296545243043,0
-0.536028311442137,-0.438095172341367,0
-0.999089645548748,-0.953673806056424,0
-1.08355339541321,-0.876310938132146,0
-1.12363856213697,-1.03817394761284,0
-1.25845159626001,-1.10948750267487,0
-0.833153316929391,-1.15712751236345,0
-1.16068183321649,-1.27844636858642,0
-1.39198562471804,-1.59534577455165,0
-0.681626795318573,-0.339344459180727,0
-0.634956749599643,-1.01156372143498,0
-1.1945657497095,-1.62251798508116,0
-1.26862464941471,-1.56762283810599,0
-1.08552503427766,-1.04009061735479,0
-0.424855857908974,-0.370974679470676,0
-0.838457940808528,-0.792333984113723,0
-1.21339646275326,-0.809750880967123,0
-0.875624303155476,-0.896012378272458,0
-1.62494387968554,-1.50260710030441,0
-1.06719596277378,-1.50298901107059,0
-0.508357703558876,-0.612394335683803,0
-0.930103810377546,-0.794649481601224,0
-1.65806931758832,-2.08414937013149,0
-0.874847928585871,-0.695106359934778,0
-1.10586024997952,-0.81630004552074,0
-0.805400628801247,-1.03840134696375,0
-1.58605915700289,-1.53862041401767,0
-0.579351654755181,-0.635400766728771,0
-0.829008187151429,-1.22961861086111,0
-1.18246642937324,-1.17136856700346,0
-0.795809843253245,-0.96358879324311,0
-1.41711483626861,-1.49769891721798,0
-0.579198698696962,-1.10854207346024,0
-0.681763302670234,-0.468863157737176,0
-1.29457021706838,-1.66258331234714,0
-0.350464576922578,-0.283181253617093,0
-0.985869282347343,-0.762120563485915,0
-0.741543376859956,-0.698310035091977,0
-0.316847593931958,-0.596297001410533,0
-0.750764271589468,-0.86114328332127,0
-1.17737287370507,-0.876408840765058,0
-0.642905428746563,-0.154621162695035,0
-0.694103535192457,-0.791236109561165,0
-1.10297784392813,-1.79086395502291,0
-0.463330076263541,-0.645791032523233,0
-1.03915750367798,-0.759580549229286,0
-1.19801794227451,-1.48554802283199,0
-1.13169841692906,-1.2751967317861,0
-1.35625370382377,-1.48529109063808,0
-1.18121125414497,-1.49698883775258,0
-1.07631477110424,-1.47328477832627,0
-0.865887793583393,-1.30831231028856,0
-0.850162043630651,-1.06144357496405,0
-0.679820443838979,-0.587968991903498,0
1.26078705270263,0.976362224545387,1
1.06049295241892,1.20700679641358,1
1.44478314618956,1.32025545309958,1
1.10176572621361,1.69163098479237,1
0.717516585555505,1.23770223871115,1
0.449720369392845,1.84147536551051,1
0.827177474251009,0.993630244959126,1
1.5135935238884,0.860867727845275,1
0.575534968587738,0.23018292380707,1
0.815776151578874,1.70823108319441,1
1.00055741723774,1.58941378022135,1
1.27831702737707,0.761082066499025,1
0.331903209273794,0.857282098073126,1
1.18828558194478,0.846535851818873,1
0.998941679993761,1.14824953241079,1
0.771770445724095,0.376198778720317,1
0.784175383717865,1.14178493410736,1
0.573311775519809,0.522075142318438,1
0.496057608704586,0.83260723491698,1
0.8645834396542,0.898850462940029,1
0.380004088643473,0.930238190503228,1
0.648775537211737,0.559171742003712,1
0.132665302507775,0.494255319774403,1
0.652445272741732,0.969459898376709,1
1.08276587329969,0.926788062318932,1
1.0073608115715,0.485668603064274,1
1.24700531553908,1.22458659782587,1
1.19896194170393,0.72737982547493,1
0.87587926399751,0.738850340618994,1
0.356093742124431,0.787639948052826,1
0.26017709052181,0.246043169283703,1
1.14856805367582,1.12646547545109,1
1.26666362649448,0.752044267253302,1
0.926354386215664,1.12151368127644,1
0.758870964080473,0.147796599509848,1
1.86173204553072,1.3923626138086,1
1.44792321425389,0.958233078570826,1
0.585122662369552,0.957607507742814,1
1.04614458340666,0.409212172305968,1
0.727054823792435,1.14319802988201,1
1.56436030732722,1.16370178313288,1
0.761573565719079,0.447921757641336,1
1.78889225918844,0.983346347353962,1
1.25835903155859,0.95024101621017,1
0.372101219645875,1.7618160329896,1
1.21890360456895,1.40266727542607,1
0.605693910119062,0.927893470190242,1
1.51275202129447,0.80513149040757,1
0.633830605331757,0.511794608731281,1
0.365227127749273,1.25321300201449,1
0.912011436175185,0.25560454183816,1
1.57929619655737,1.42371200998728,1
1.42417330484934,0.237738128903891,1
0.981509730073412,1.43148263227058,1
0.500611016072656,0.635217630815462,1
0.836291760304007,0.172645831480773,1
1.02862278547291,1.31539774865267,1
1.21779837074259,1.50677537230749,1
0.977540145367146,0.928185889978149,1
0.858367661070602,0.673787256906616,1
0.484788749017164,0.657468730120966,1
0.901805441777458,0.734288754458024,1
0.982138846626152,0.968957041932471,1
1.2068404018821,0.743317972758407,1
0.063997972520164,0.573673503265955,1
1.74378076333577,1.22466903735701,1
0.765377691232131,0.861618514743298,1
0.90130517382526,0.761186224163775,1
1.02068482714245,1.20052241705926,1
1.4526335609374,0.802592445029351,1
0.815889742456554,0.814441893852937,1
0.951017258676828,1.34374836282704,1
0.620326755496199,1.77790554018219,1
1.17332587276308,1.36245217291456,1
0.559144955696457,0.79889393688725,1
0.718632832098482,0.95907856677508,1
0.081338842388346,1.13071146605068,1
0.231123551940087,1.08605356991142,1
1.37253082262317,0.922906586622037,1
0.872652166884549,0.882696061769544,1
0.853557393566186,1.0485475354753,1
1.33278771442535,1.19746695129418,1
1.58650522827637,0.991103290237216,1
0.742205824509918,0.781998591454614,1
0.439712413345011,0.815412258038863,1
0.715672535534704,1.64219682342002,1
1.1885762557562,1.64901205958682,1
0.166699068741349,1.08369040347057,1
1.40527681340767,1.09417805343173,1
0.779825817595625,1.03720793999831,1
1.01807607128701,1.0239479519363,1
1.08827725761446,1.33373784870443,1
1.07322873421253,1.08601713798444,1
0.987848387217353,1.15170935265268,1
0.684577617629594,1.19990079596693,1
0.850547004300677,1.30635273716644,1
0.74088292585149,0.964618022402362,1
0.915727417884982,0.603033383706532,1
1.42993216323148,1.12801222945066,1
1.0064951231761,1.45234624964264,1
0.853359758993605,0.979906131608913,1
1.45496976273658,1.91017737401371,1
1.02747528835358,1.59962024009694,1
1.06549492271248,0.687373952184069,1
1.20398129302252,1.4555413450582,1
1.07477340456247,1.16471753641704,1
0.537748832389665,0.129720260447058,1
1.08762482747842,0.437962211607895,1
0.944092896347121,0.719530488775871,1
1.02491171216794,1.28205632706641,1
0.247382574170163,0.890286225295661,1
0.880513077503892,1.44944826454171,1
0.96657438276982,0.630940335218227,1
0.694061830225906,1.61799888172727,1
0.565409693652633,0.956905087262892,1
1.04824388286441,0.505891757160776,1
0.593832061910596,0.193358505930204,1
0.556024903864531,1.18649851761139,1
1.02688208639517,0.225232386028659,1
1.53911773403742,0.438905814075451,1
0.538932456828527,1.54548907595501,1
1.13385288903193,0.912435704545423,1
1.56585952987122,0.913110907229598,1
1.08533934115047,0.727057525692677,1
0.888985954948769,0.914555642674791,1
1.40141214827676,0.704501160453165,1
0.855736307056066,0.12099976566432,1
0.220289770954295,1.20197585316843,1
0.773494112497581,0.807223381706439,1
1.19010489244837,0.812275928428294,1
0.9754328680326,0.830454270384867,1
0.088769206946234,1.16601058351965,1
1.55421757854607,1.37833175238584,1
0.956083046312371,1.03130331748648,1
1.09040137078581,1.49933909592502,1
1.42758691133705,0.799442320718527,1
0.869312620219798,0.851186991878351,1
0.680882415847328,0.69218235705746,1
0.864325567885794,0.012996100766361,1
1.07031288195532,0.74489944885023,1
0.402578104420393,0.842882580857727,1
0.593590800227972,1.36513085007841,1
0.444359020085354,0.936403010046573,1
1.04929688794178,0.596179728464415,1
0.390018693506081,1.05195176390781,1
0.73765357453038,0.557106592086744,1
0.303622025366102,1.13976279111665,1
1.5319785938482,0.713688287941112,1
1.12680904985456,1.32214650548728,1
1.32531134534919,0.696483990040348,1
1.13254042654447,1.17361628261569,1
1.97041979322282,1.00232032906404,1
1.35575445578566,1.23301295291734,1
1.1963864182355,0.5636074022313,1
1.05217287986955,1.49479384907756,1
0.783548904910122,1.02839410141483,1
0.61706754412712,1.04311845321605,1
1.08587024779401,1.20212728438115,1
0.781387227005618,0.787537115141959,1
0.712068007118193,1.04570615699861,1
1.01738078713151,1.77635774025891,1
0.686080272756868,1.19985045273571,1
0.721341354838905,0.772708596598859,1
1.38631504455795,1.101320976598,1
1.16243821957897,0.452844675349832,1
2.005604407732,1.71197709411963,1
0.654311692261722,0.454238741956104,1
0.652058568391162,1.03459663130307,1
0.565376896167642,1.04855104327779,1
0.677505232462083,1.96024136051803,1
0.85119482950835,0.778807130634215,1
1.76473511193043,1.06813522831277,1
0.948735794669424,0.931749904520672,1
1.17575193738646,0.788139755486926,1
0.991689322739851,0.745055581047111,1
0.395036040871234,0.82754951642553,1
1.01323285537031,1.53089183449264,1
1.03626402534637,0.819211141462237,1
0.995615861388698,1.16353373675769,1
0.025658357043821,0.791448337474295,1
0.06410817776423,0.303407158975383,1
0.643354038373844,0.896901406158194,1
0.962562155824091,0.99200321450799,1
1.48038201335525,1.11113817472607,1
1.10344872081421,0.830659551303427,1
1.73822310491296,1.42420296513805,1
0.710454765341057,0.736802460810419,1
1.26552631785485,1.31671452200562,1
0.819988974489583,1.36375421367031,1
0.466699255031745,0.893951843016663,1
1.36642366509011,0.742489852095998,1
1.01310780053536,0.948408472847532,1
0.847729142547616,0.266547113265605,1
0.821909211995465,1.01995090751748,1
1.03760711915146,1.23590439287159,1
1.33908103389789,0.82794399621945,1
0.869048921177923,1.57771080218439,1
1.32202163451293,0.969274987219423,1
0.874904350877402,1.35307104204136,1
1.39976501996404,0.93170278285017,1
1.1516635946792,0.978520192089335,1
0.950738203864809,1.65181313326184,1
0.443598896891598,1.24494168314221,1
0.534912013597821,0.708388324833365,1
1.31227059982183,0.480366107128003,1
0.578896863210724,0.543363171404408,1
0.719131522892559,1.07426277869645,1
1.44062731523547,0.72072999796664,1
1.33653625525732,0.511157321344794,1
1.83334488216695,0.790099531579082,1
0.755192772828528,1.04932297472201,1
0.986110499048992,0.884973605541161,1
0.249165658698751,1.25752844130486,1
1.23343765246475,0.794333284679967,1
0.457990835012481,1.03576928367065,1
1.39511297855339,0.293183153680644,1
0.473773124116439,0.968593114271637,1
0.598748095660825,0.806640484243339,1
0.889698945164004,1.22203043707537,1
1.25257144676487,1.29852732993843,1
1.30443205168363,0.70169298171927,1
-0.055516928915426,1.05038036756584,1
1.11638456550965,1.09937126025125,1
0.654757766787136,1.64382586212651,1
0.243253324794789,1.23404594397507,1
1.18980870841012,1.27625305285141,1
1.50764782127843,1.11843695358865,1
1.0714571230299,0.829299642397099,1
1.24970712951708,1.08029958777184,1
1.26340391619733,0.513336904145746,1
0.306157344485305,0.958644200268241,1
1.15067634528982,0.368994796147537,1
0.516555096471096,0.807684167241159,1
1.05489778632457,1.05600050615454,1
1.34352327683975,0.877360159364251,1
1.11130691853212,1.41344652170145,1
0.826117293231919,1.77844641014669,1
0.788746559605045,0.987957185893016,1
0.164527433678277,0.910657495191706,1
0.721954987705386,0.705943895348122,1
1.06113213649579,0.536313130617343,1
1.03346315418158,0.206043110602186,1
0.737517660210629,1.4442137290594,1
0.99493770279414,1.16636751539305,1
0.568749373331313,0.459441921301766,1
1.51028328354318,1.31868912645998,1
1.2938692399414,0.941229110808993,1
1.42228881601899,0.787277909122285,1
1.22433746830223,1.18501953416067,1
0.574740372552199,1.46712956500317,1
0.994447638964144,1.24404839128645,1
0.327067959643092,0.504063530709252,1
0.768294398283487,1.13209018163353,1
1.41843103646406,1.08198458832426,1
0.891409339882461,1.15679989692852,1
0.849622533023313,1.00524193071811,1
1.10652786470458,0.690505809431644,1
1.10986352419559,0.408120879735694,1
0.606419826702248,1.18773558755711,1
0.676002363411322,1.12203422883025,1
1.03469786354899,0.8701970953259,1
1.56384919027827,1.11965995156126,1
0.702111303001463,0.753652377042164,1
0.991491887631915,0.391946749833967,1
1.41309567272067,0.916009755883078,1
0.235791084937621,0.576069538648579,1
1.51901149858775,1.02393794803513,1
1.82882065133991,0.948801634916609,1
1.13020304031689,1.66189836180458,1
1.81445768607022,0.595383512677059,1
1.30061418508011,0.551260191465947,1
0.746060337838797,0.294021407429221,1
1.17671669230246,0.563256012459723,1
0.616801608652285,1.64984905353502,1
1.3017669282419,0.877059600371827,1
0.198351490031961,1.05589201765022,1
-0.007758740453372,0.603349933137907,1
1.21053621818892,1.23715642691275,1
0.997686483465908,1.23972911075715,1
1.01496049181969,0.650852809262668,1
0.947371175630577,1.57932153148429,1
0.918034935744644,1.05189501023565,1
1.16367161883761,0.426412150567818,1
0.516063311583868,0.358291501646235,1
1.08436736103418,0.804977034509128,1
0.426441796449003,0.469493571505614,1
1.23590635131144,1.24519202704477,1
1.10554702622178,0.946826046541027,1
1.14172268594642,0.941419463670693,1
1.08046478820794,0.783498659692468,1
0.511510686183225,0.656299026766947,1
1.03679057679308,1.5567229102889,1
0.576141308091087,0.51879630003935,1
1.22634027142179,1.20100620538538,1
0.628797487432301,0.710223047345026,1
0.676568768016006,1.04719311641743,1
2.18624280483138,0.655391486508796,1
1.04374027415616,0.73863901059833,1
0.979175465682703,1.07496332687673,1
1.03240759493676,0.547569451426331,1
0.506303835492432,1.26407778679922,1
1.02509248403722,0.987611338095849,1
1.14862493382743,0.636334938291144,1
1.4049764141765,0.610139192703476,1
0.465236117828198,0.542743298087514,1
0.851392707287664,1.88596109060378,1
0.920647168724913,1.01455405062403,1
1.53244362211007,0.766654719401687,1
0.314927215132219,0.666752157328782,1
0.737129736244638,0.289715530772549,1
0.779003869964864,0.933890900948851,1
1.72975990360336,1.18950214870917,1
0.940997594596528,0.70226311222147,1
0.583790030961445,0.219026924703644,1
0.823905307560614,0.051528442047327,1
0.817756241926425,1.50053682310358,1
0.720179306649333,1.04320037344949,1
0.518531363193019,0.189422841937877,1
0.984883065376081,0.793209368136715,1
1.07135756947674,0.93353676153842,1
1.12891953778535,0.710991817491349,1
1.10091727867994,1.26181994947701,1
0.661211894143868,0.767358731795647,1
1.31824592322301,1.07445109812744,1
0.794810801805824,0.321441987675433,1
0.77111023600975,1.44697531672092,1
0.703979946490289,0.825987383550197,1
0.516707778714359,0.854786101989047,1
0.887088119862086,1.00077844745807,1
0.618951666395508,0.48123665496028,1
1.74941974625768,0.951984434996878,1
0.534771649162174,0.832607054939516,1
1.08372729004703,1.29835123197748,1
1.01350529172389,0.774654319344832,1
1.09955636694349,0.384829218212947,1
0.504647859662822,1.35773446872114,1
0.9778657419358,0.877510102373988,1
0.632828462159063,0.469485318146661,1
0.998481374967552,0.91588940621212,1
1.6056480509087,0.587927367690657,1
0.899086581963715,0.769318478928914,1
0.526280141040813,1.57346000768368,1
1.45717182481626,0.953416919213024,1
0.319493329146471,1.01526096974857,1
1.09764931122755,0.673718846391989,1
0.234483963885598,1.56433124811142,1
0.32791876119111,1.29938195393906,1
0.614339699696316,0.751418964059787,1
1.30788531249996,0.47370614731523,1
0.753408358892729,0.876419630509568,1
1.37324048994297,1.2696369548757,1
0.947420713932375,0.439088670780361,1
1.38409159932207,0.745305069955685,1
1.01118673181192,0.212595840894808,1
0.822224679628068,1.08983656851064,1
0.74853073532271,1.12838655664083,1
1.43050396577347,1.48949311028825,1
0.667523889693104,0.334272887339069,1
-0.117691234963136,0.780193711871454,1
0.223293305883756,1.07283145557412,1
0.026987467948647,1.29748213278814,1
0.914139534669709,0.303553186029714,1
1.00439603710947,1.11021733989651,1
1.12166097762038,0.889926208675902,1
1.14270174022257,1.08815206925183,1
0.744269350507757,0.924625149362863,1
0.344482685886114,1.17591088636703,1
0.34750692841261,0.821271103744942,1
0.395563591124226,1.23803351749227,1
0.947890839049082,0.499958093389011,1
0.986642061267163,0.80281309814342,1
1.14846328423913,0.896360399382569,1
0.85224333323318,0.792688635543868,1
0.188713780405451,1.05524811542155,1
1.17665900917954,0.516710627616546,1
1.07768480802054,1.312534944593,1
1.24818458379536,1.36466959172966,1
1.25244649761124,0.737676911842284,1
1.7878376110588,0.925891975813085,1
0.658792581222259,1.45271544671167,1
0.619386618646008,1.2352887028788,1
0.586865166712291,1.35488060454634,1
1.45259819566675,0.756915838295101,1
1.1614806984014,1.1952007051763,1
0.892821249097789,1.12146626527782,1
0.885781281061278,0.690976405844409,1
0.521078543335058,1.04054637586093,1
1.15794652487788,1.24643639394753,1
1.13865987866998,1.1978656488114,1
0.798678546426436,1.5930400114748,1
0.609907044489905,1.23809752259267,1
0.887641969816259,0.850353134754784,1
1.80387717767981,1.15856623755277,1
0.494818630426378,1.10283752755949,1
0.783883111964656,1.65893967742044,1
0.635195064916915,0.993084922459329,1
0.754498267924089,0.751928417352104,1
1.26615124532281,1.38501721513226,1
1.48030549779222,0.922166709119115,1
0.7324764489042,1.17029378869734,1
0.807531050927452,1.54850978019236,1
0.399969386741577,1.1347808538431,1
0.463357503589845,0.599944384218415,1
0.310421960664425,0.479629909803522,1
1.17218791616848,0.692447727813808,1
0.513414422934074,0.500443260085891,1
0.566730898086631,0.78412624409734,1
1.29879012357936,0.950232766620779,1
0.919174497362076,0.895909486961152,1
1.23035856845975,0.594072472688673,1
1.06653409485726,0.526698615694785,1
0.50004418035839,1.17028583393709,1
0.958159382229308,0.863469923055762,1
0.534031832674738,1.10220304049441,1
1.82731011246226,1.1458190030483,1
1.17219650942751,0.906007572668339,1
1.42600024747377,0.798239496978149,1
2.14967535256605,1.03971673118962,1
0.971880580168761,1.40115901022538,1
0.493575584143055,0.696393701216655,1
0.651791815174725,0.867704893791186,1
1.66993347678807,0.603702666415544,1
1.96377932901281,1.31007992990237,1
1.59853369301258,1.03638171365567,1
0.3296939876509,0.510799446611202,1
1.49603146587967,0.837776867883281,1
1.10296471695547,1.06662531404586,1
1.56958855921453,1.44158495873269,1
1.10223068388186,1.00201574967555,1
1.37467733136996,0.570283963139097,1
0.68279874298769,0.481563027091187,1
0.590837084958304,0.405531582416205,1
1.31907683070587,0.870890590337789,1
1.70286468154506,0.849352915463804,1
1.0853432792831,0.789695646942498,1
1.27185622138388,1.18840007695675,1
0.833287327613558,1.08857322595559,1
0.657644590399608,0.761353760488149,1
0.550652901733108,1.28620406993445,1
0.576666815207071,0.555919394552987,1
1.35038048784116,0.914895147742328,1
0.390217952117711,0.534570786161166,1
0.699008364958794,0.529942864585369,1
0.898623141298339,0.492471689036013,1
0.434297442230811,1.21785968576572,1
1.61592024865276,1.42346268058074,1
0.76608000041985,1.13087417588768,1
0.850616693260443,1.59639205820007,1
1.05491919235475,1.11610522544797,1
1.71312774479156,1.39990724224483,1
0.99182736041795,0.569194144676593,1
0.790266009718931,0.425705021456841,1
1.63037118309032,0.881618335948012,1
1.22845126209043,1.01750851697396,1
0.642340137898781,1.04909702700809,1
1.09815610425252,0.928135082835561,1
0.930748106987088,1.06963186448536,1
0.554305545324376,0.900995878336717,1
0.755166262942008,0.663589074882931,1
0.999975440449058,0.139441605514219,1
0.378666444820441,0.865833652228655,1
1.56860023963283,1.15174815981536,1
0.630994027955147,1.4716825924297,1
0.998219447358926,0.691651808203771,1
0.885030084877807,1.49354919847254,1
1.26505961038335,0.676587375173648,1
0.502739260670593,1.15597136769825,1
0.460296346596369,0.759584395158103,1
1.22013284107683,0.552870047642004,1
0.607639913761328,1.01674597284309,1
0.820133186755332,1.41552277191954,1
0.933451247457519,1.15993188791603,1
1.20308211841323,0.722518401666611,1
1.27480190396836,1.41722718381114,1
0.858953856662634,0.727136289353241,1
0.826478730573124,1.45185876361995,1
0.923880704295979,0.752972015093325,1
0.42148296397773,0.919092359303557,1
0.383181096891467,1.26940061005284,1
0.602074915531794,0.462548347957088,1
1.32571301089488,1.05256611988643,1
1.11740115121847,0.591034925677385,1
1.23887835240203,1.04232063283515,1
0.993255033818468,1.25559734309578,1
1.35960082925312,0.906959293872617,1
1.56392071452074,1.12784360255922,1
0.896710407841388,1.16257435021255,1
1.03170055643982,1.49794814803613,1
1.03768684409791,0.8818437547884,1
0.931736987538043,1.23055067360091,1
0.29498384960817,0.454207329757397,1
0.825307180873787,1.09854182994069,1
1.1865982372212,0.816468993802875,1
0.286979457874145,0.148533883740894,1
0.841355794462598,0.758829216484721,1
1.03133990038582,1.27481135899262,1
0.556764812214793,1.42017477463311,1
0.742987939048673,0.849809407212794,1
0.981217030634278,0.222295715064558,1
1.87798273608485,0.805919432194261,1
1.36897924693414,0.67273036197857,1
0.265756209061463,0.529557818263141,1
0.452192465740997,0.216368683818228,1
-0.126188070233092,1.18150338803585,1
0.621809464873851,0.957542826694384,1
1.40984178740817,0.718355422998469,1
0.914525524073939,1.28489885976621,1
1.06404270260431,0.990426848172234,1
0.51789785206585,0.568842593941053,1
1.20009152395777,0.823826335405702,1
1.27487036159459,1.18003135828949,1
1.08330145933488,1.16944341570394,1
1.00690124339092,1.35698243267702,1
0.059006525991149,0.653308056617206,1
1.05131721823999,1.53354760844286,1
0.238857137365508,0.728276444425721,1
1.0969107439544,1.39773158310257,1
0.735142005859527,0.175156904659881,1
1.06389410737918,1.21362761613054,1
1.11334337690707,1.08790795345434,1
1.17170698225881,0.653814928704578,1
1.16055607985913,1.23808025814444,1
0.928070356112076,0.614842907127242,1
0.67745314117354,1.18238031296552,1
0.658635441346856,1.39489875576832,1
1.01390101908697,0.837218878152803,1
1.26786413671125,0.918901882183886,1
1.79979645296372,1.45294763221725,1
0.628758825306655,0.796805608453899,1
0.108346164646087,1.21965424342113,1
1.09933919037033,0.997898209948082,1
0.339745521802824,1.49536891493226,1
1.43083663522471,0.760755847501944,1
0.664765537870464,0.741470099641486,1
1.24309401929086,1.04689683895533,1
0.874250827381216,0.822751462145453,1
0.356029987972652,0.691955198624032,1
0.205259232447404,1.27756124327018,1
0.881082832258115,0.905909898020688,1
0.725849550185971,0.539782837556444,1
0.055409925112966,0.586100002026125,1
0.680531558208871,0.739452006213317,1
1.24759242344862,1.2298958882001,1
0.478249223336702,0.57044813303267,1
1.29594874716499,0.085358419335875,1
0.778786819223091,1.18393546866218,1
0.950389113080903,0.735793133119421,1
1.16764695972514,0.682871929699908,1
0.559694105091084,0.991401033012508,1
0.854078517725403,1.1192438447324,1
1.38506847227884,1.41126522488509,1
-0.083188074681211,1.03475507798888,1
1.13499972715529,1.22417526647997,1
0.774963537360622,0.797777981980981,1
1.05909669932125,0.622196793628458,1
0.225260803313215,1.17697622681534,1
1.19096276832771,0.475067969617338,1
1.35153335152702,0.587026351132027,1
1.06487858014538,0.437850619136373,1
0.909258408419067,0.640149852066945,1
0.692036336359124,1.02952385742518,1
1.15765698221191,0.552835882514769,1
1.52181997413376,0.589299092007896,1
0.244892766271005,0.790151967219045,1
1.6767734948569,0.721079472071271,1
0.337856030122005,0.648094581330256,1
1.03176291335862,1.10962879100844,1
1.08373883413651,1.29810816853105,1
1.73740535358048,0.955590445690064,1
1.08796494587751,0.927993226379616,1
1.07278907442713,1.37335010249606,1
1.07127033746512,0.553663183911602,1
1.29232240728078,1.48908396153873,1
1.01490941771554,1.63186592574912,1
1.35485279144734,0.3803692697526,1
0.732918578294506,0.503134394027577,1
0.704625325581754,0.597329924234271,1
0.996920311387527,1.15204818608888,1
0.098816208913938,1.20505030647588,1
0.860441471046313,1.28376766074606,1
0.795301576938158,0.072244088728263,1
0.863403210829211,1.05277054026616,1
1.07614122996022,0.889795132115092,1
0.47381680187944,0.572299147611374,1
0.573367492722989,0.532591602960582,1
0.928885051036071,1.0562826268002,1
1.24791948718106,1.05801253257523,1
0.860229256225573,1.14491390487861,1
0.912296694424144,0.5462395441213,1
1.28817218623162,0.9040258826815,1
0.889009341501184,1.37564410260559,1
1.14319741639796,1.17458873140708,1
1.73640493570559,1.36178480038561,1
1.2821548544276,0.973904754446317,1
0.099425890344475,0.014733806565777,1
0.529978773523395,1.7858965946594,1
0.851646995401856,0.753514862496227,1
1.14663392803027,1.34613068721021,1
1.07696224591984,1.135888742155,1
1.06914305521488,0.784478149103608,1
0.689271453467213,0.079323434555276,1
0.889576802451337,0.899096528009335,1
1.02733738917824,1.27137336212783,1
0.343626954801721,0.467432965323353,1
1.188347868737,0.304339045470046,1
0.974113348043393,0.908575619070086,1
1.09649256895086,0.580147039256067,1
1.12780096246194,0.446390681404364,1
1.20604611095273,0.883063189542039,1
0.706496287605399,0.949117262544736,1
1.3998723088837,0.492459056418979,1
0.79641251203222,0.41939197906336,1
1.26624103303949,1.14579598698453,1
0.499750277885457,0.785984720710566,1
0.410630376941775,0.889405522727798,1
1.28961822947766,0.667765764509949,1
0.87310126439394,0.263535057047328,1
1.56544329371213,0.438292676891541,1
0.918640588916112,0.742100504023305,1
1.30549466392615,0.792111445796958,1
0.701731835488518,0.382210318295172,1
1.36521632813961,0.23179157154902,1
1.51293451587214,1.36134737770808,1
1.63588194177827,0.544926380190431,1
0.584383477375531,0.962262737246667,1
1.34795896425517,0.512790828930759,1
1.39885914412736,0.480308746215142,1
1.19079984073537,0.925694780127399,1
0.987921504392757,0.887283697349946,1
1.19090254687015,0.26507615330482,1
1.33035701200252,0.704726172635234,1
0.819883842474792,0.61953483919094,1
1.18186597628471,1.06218401506488,1
0.756402695083038,0.570456348939071,1
1.66896221707392,0.832858428373419,1
1.14559542607901,0.809214528614253,1
1.35777202837142,1.4304944213445,1
1.3591419760181,1.53879098720807,1
1.62904823570855,0.15193552079847,1
0.66885218699702,0.488526478136403,1
1.20752026053785,1.04890360199785,1
0.451800598704196,1.54207395793924,1
1.01065118342548,1.54968518028814,1
0.690741698621177,1.264168614207,1
1.47277832671172,0.822504191579156,1
1.09227760054142,0.948332269601615,1
0.795658510737388,1.07567215671678,1
0.157531007563515,1.21504989261992,1
0.993216046281975,0.49082395179666,1
1.23742147082283,0.219542600511867,1
0.475484062054045,1.38514566838252,1
1.16918050014094,0.703523861779661,1
1.53435886300578,0.829045530046661,1
0.871159355745376,0.961268875512616,1
1.22094425915099,1.1394586772439,1
0.555763332852067,0.793219608734,1
1.18952840973202,1.36628819760021,1
1.05740293956182,1.27947412896628,1
1.3030754969482,0.57514811566928,1
0.866173330881717,1.73906327281746,1
0.846049078291109,1.22891646147561,1
0.420327135784568,2.0824164199159,1
0.642684530862129,1.20516478346071,1
1.16807495338904,0.381211390558451,1
0.878249576532894,1.36781354142402,1
0.691594179704508,1.3055381830065,1
0.83066876068894,1.41139271361246,1
1.88843442202403,0.560826508310026,1
1.09404536483916,0.697616081825424,1
0.561126908189279,0.96044894738733,1
1.03888840677644,1.11809488547318,1
1.12534086901251,0.134249080451996,1
0.743529097095533,0.163516548507339,1
1.07352061748957,1.25848731887338,1
1.06443417944067,0.753618144353547,1
1.09869923708908,1.24196729305308,1
1.16948779341071,0.739488850729234,1
0.793702405725703,1.41440984983603,1
0.938311590729853,1.00822608679458,1
0.960384636654078,1.16495423184823,1
1.16804072657404,0.828943673137171,1
0.800104032882087,0.833820817350704,1
0.999965225008823,1.15688143791271,1
0.361147896255432,1.50903300185817,1
0.503300931247821,0.975866929526621,1
0.488783500296824,0.747335773994567,1
0.901257432210928,1.13450115098108,1
1.03566682211196,1.24396722066914,1
0.804829279419368,1.52240458782835,1
0.280783418951785,1.02622061354488,1
1.0628086197116,0.770302534556752,1
0.917811572448902,0.620161076216247,1
1.09366468858815,0.785086829900139,1
1.23960390783881,1.07095562711373,1
1.10069950779198,0.977325105590216,1
0.582822306875989,1.19670706161175,1
1.27189306415854,0.813641790629358,1
0.494411881074521,0.699323034378115,1
1.36832966164357,0.334755534986347,1
1.08084205241536,0.813327758648327,1
1.243811474652,0.405046907098509,1
1.1226312454598,0.560471998664019,1
1.15353713883222,1.56120373380314,1
0.846597244136957,1.6332023590585,1
0.961939273255943,1.20742646086745,1
1.88135096803377,1.31132563991048,1
1.1496468728757,0.088295022008674,1
0.61229511750773,1.08418297957159,1
0.632518302579817,0.583838524255973,1
1.13758623107958,0.419626181655606,1
0.472388243481646,1.19287723185656,1
1.75926731620319,0.660740200809132,1
0.980481153849519,1.13818601983596,1
0.668985732577517,0.624146586263474,1
1.101752172102,0.538203240709342,1
0.623683050210826,1.62135616279268,1
0.149438975981348,1.65149551105317,1
1.5176842382288,0.716067791922382,1
1.40963159396045,1.0139947637335,1
0.554444640156342,0.729199072738507,1
0.634703444709794,1.51172791829545,1
0.442823673835613,0.460620149504474,1
0.767210344695079,0.686592457922193,1
1.81064923275405,0.741481529185567,1
0.624377065940311,0.636423129426503,1
0.589290594571425,0.173248272421786,1
0.933864038302918,0.639583885548206,1
0.780420387174407,1.35648704483824,1
1.32611536974999,1.20390581421151,1
0.521280059049005,0.872911581053274,1
0.688518276749191,0.789328071516482,1
0.841585356722822,0.700806500885674,1
1.33142343603288,0.635320585093146,1
1.46910911157608,1.06820098988109,1
0.856613800465024,1.08541755449499,1
0.767073420772937,0.791708471409629,1
1.32428967302814,0.812418340789852,1
2.66307871687845,0.469917794246449,1
0.358982495267763,1.39236952734942,1
0.702486537692605,0.676347876984776,1
0.467559634470548,0.819264635111463,1
0.575214592995454,1.177188321464,1
0.63090768282989,0.890611252839716,1
1.15367003701644,0.980186322260254,1
0.682472350993345,0.506817854570288,1
0.268947105095101,0.314510769884197,1
1.18355265985326,0.674612392273435,1
0.705086842646884,0.955147249840208,1
1.01724478761311,1.27291750799655,1
1.07141777107952,0.800987266332503,1
0.400126863346113,1.05744186158864,1
0.842129055443849,0.880172235787473,1
0.528365976590501,1.0058445315385,1
1.23824411240853,0.838686166247496,1
1.17191828322108,0.91860662649563,1
0.765518114974696,1.35996205528822,1
0.790739509666229,1.01130488275129,1
0.283911430219802,1.23060421967952,1
0.738813412614819,0.867272365671419,1
0.748097982199027,1.02193437237659,1
0.664241639642354,0.521759457203438,1
0.974616031963852,1.01655050281419,1
0.707991327925753,1.17127148000181,1
1.35911608366372,0.645592374152764,1
1.10155471583435,1.0914559204812,1
0.280397956500931,0.461041434808427,1
-0.003178603800322,1.4343008144546,1
0.732320326303475,0.779690544009685,1
1.18097176226351,1.51709429611562,1
1.11506207481754,1.52941608115527,1
1.46515195665472,2.33114347403811,1
0.541508422400144,0.769794834741965,1
0.615681100900829,1.1686702088943,1
0.584194970384705,1.22266566949693,1
0.142158198678297,1.30297627720792,1
1.14017142772369,1.49184763160904,1
1.20527397944379,0.984557908203459,1
1.07650978871365,0.1698958580585,1
0.814090460306747,0.981216601753218,1
1.66306914018805,0.961708875571102,1
0.258635238678952,1.7504027317292,1
0.515511515743384,0.941179113379077,1
0.494189491873464,-0.403211568749495,1
1.24567513970204,0.730870086849475,1
1.23237858772241,0.676422617476106,1
1.17031421767843,1.5184166983576,1
1.17343699883295,0.86413050551042,1
0.694959726436809,0.916499309360079,1
0.354623971283066,0.955051107632853,1
1.18839982027275,0.359356834422296,1
0.382523898327938,1.60689109229815,1
0.908018174878277,1.60593065542931,1
1.15134345334824,1.1862455016613,1
0.989597468345112,1.56175836384621,1
1.48357112354221,0.897447691578226,1
0.117355149091978,0.435581353213943,1
0.866688339028951,0.540675324961118,1
1.15253829874976,1.07325082956428,1
1.11088816436223,1.13090746349167,1
0.981263651245674,1.06331763414632,1
0.990722554696748,0.500282465864104,1
0.890395840831545,0.898896249695425,1
1.28818106111771,0.756852457233918,1
0.525911401386813,1.62404876384845,1
1.22961155817851,1.33012300357676,1
1.59233084878296,0.800515899379289,1
1.35250192965132,0.98990619110443,1
0.433834512027704,1.00643630383569,1
0.99958380765269,1.12266227748582,1
0.796066973913026,0.814277012521332,1
0.436581487160517,1.22004549868129,1
0.066517159985542,0.912024716724213,1
0.692369320375453,0.728562094564075,1
1.00085122344905,0.763862359492571,1
0.156696494173346,0.12095845459389,1
0.114172781788524,0.589519935355961,1
0.751215442544822,0.763002161345074,1
0.899322147619775,0.970872313292654,1
0.711373071911667,0.362075432780057,1
0.699056213379357,0.657620255552044,1
1.6051768518148,1.27304256303316,1
0.538241403945324,0.857438225455949,1
1.43793045289463,0.990210263078694,1
1.34652201467457,1.00746905778518,1
1.02774330763467,1.15996984105456,1
0.664068500864982,0.651174224550634,1
0.774518390964355,1.33075998012985,1
1.05485445620167,0.446707076040866,1
1.35618591662862,1.11326727905936,1
1.31594442650758,1.03750606004029,1
0.942523262965615,0.177505097411136,1
1.03827794663952,0.245314147338293,1
0.828589477857127,1.60403338767019,1
1.00567081121718,1.05563958902096,1
0.69849931407297,1.02802076192215,1
0.373935318868765,0.824439145998218,1
1.02916758529074,0.822469012857167,1
0.43871673723613,0.02211427031715,1
0.652309752403278,0.599603747119176,1
0.65923136164065,1.09164295285543,1
0.147812807139064,1.19519277235343,1
0.316200538639233,1.84240813968836,1
1.43283284625412,1.14358713648842,1
0.548668246135585,0.970792003968319,1
0.973883120790068,0.676478887141195,1
0.673002717908901,1.31845578434383,1
0.967062214166417,1.63587618876571,1
1.41443569053492,0.897932742121404,1
1.17613012415501,0.978708740366596,1
0.400506082491601,1.12748073416102,1
0.576552572026697,1.45444490640922,1
1.35062365816982,0.012294806429304,1
0.964757414597663,0.523886959198847,1
1.61563010454614,0.878783685803604,1
1.0447071276124,1.15327891686409,1
0.507811040696721,0.978720911163766,1
1.4635808973366,0.691932080514597,1
1.16410750179824,0.834319470171841,1
1.85919329006234,1.67542794910462,1
0.919327809611262,0.847873849057846,1
1.13892535321681,0.886905180953496,1
0.865517414252142,0.708131675544732,1
1.64509594394003,1.77617962548307,1
1.14909918049176,0.315933207308161,1
0.336169530026651,1.11874317816576,1
0.517717501365153,0.707589801984332,1
0.963043762933061,0.754382952993063,1
1.43149631584641,0.416286085950036,1
0.963067611549831,0.472697699810225,1
0.988328880586368,0.214525411656411,1
0.705701409450168,1.33232869357802,1
0.609230545807919,1.01769415846796,1
0.685868050407171,0.977025577358413,1
0.764773555302409,1.1224432061746,1
0.458989209121006,0.837663955404707,1
1.21867146389553,0.643414828538429,1
1.23066650941132,1.2572575621685,1
1.02162004842533,0.140855925720195,1
1.64220968779933,0.457489311597691,1
0.924943287009229,1.09141034788289,1
1.62166216854251,0.958565232076459,1
0.560518819321331,1.17790408650433,1
1.62135257230444,0.563826641399065,1
1.19596069160376,0.929079771947649,1
1.01162988574373,0.837678504386556,1
1.09051439970647,1.16629002541066,1
1.96178322023576,0.230125444031684,1
1.64356627948456,0.986139207401894,1
0.514416002529931,0.385736610295689,1
1.52957458857933,0.306989240989231,1
1.73523564417786,0.413540020074569,1
1.11727380930291,0.581329452575547,1
0.351965953568871,0.706303768413537,1
1.76881880665026,1.01527698222169,1
1.0643159201154,1.3167251804546,1
1.4582241887302,0.599942539914558,1
1.1458183890803,0.979211539941118,1
0.790125986733958,0.132669167246009,1
1.36286985111673,1.24825239484044,1
0.735990855531334,2.34407635693485,1
0.433571958124491,0.854032639622453,1
1.06642378954075,0.653575164751991,1
0.932986006381107,1.52776935915078,1
0.49744204658678,0.169293097194754,1
0.675193779631757,0.57250571890651,1
0.717591371297741,0.66261079021963,1
0.901002118487924,1.81373380395528,1
0.935253711489776,1.74431824107256,1
0.875186360768762,0.700247891872872,1
0.05804749275674,0.985819524967771,1
1.12590037683391,1.9235458390637,1
0.15174206846856,0.633727703124067,1
0.737962770235417,0.815484054810007,1
0.863719428124312,0.576656144144044,1
0.84776478867296,0.516204736166158,1
0.459287732372814,0.990137252727851,1
1.40041133802584,0.637588497287887,1
0.104338976416335,0.689002099423872,1
0.889431928389472,0.869200926041625,1
1.40713971751175,0.492400864508618,1
0.769139116665271,0.644357695914992,1
1.61296949060053,1.02210857097389,1
0.764399339489604,0.576162271214536,1
1.26636861749817,0.373904093917985,1
1.37627720450775,1.29591885741986,1
1.15631635365445,0.967775885868458,1
0.91298732594202,1.21510635631926,1
0.809149521444068,1.28211847635476,1
0.2805115998694,1.41724226777798,1
0.855286870636227,1.37508522445356,1
1.06050239255585,0.706751466730742,1
0.850646167920384,0.665375210482249,1
1.2497551725338,0.36673696398494,1
0.293380591531084,1.26733991438735,1
1.06405300038548,0.537323354991529,1
1.15565484646548,0.411647174180421,1
0.937771808813897,0.394301299345808,1
1.21003248603263,0.886878738488369,1
1.00971711525245,0.102541368134395,1
0.419531998933798,0.322263643666333,1
0.691209016922895,0.891791129484437,1
0.157709065744032,0.697563706952365,1
0.824846753139173,1.0446290295584,1
0.823513575346017,0.973334385074127,1
1.41913478822416,0.268181704614937,1
1.38467109087271,0.362849723950443,1
0.86895212969867,0.595640558709939,1
0.997342453919,0.806806127609786,1
1.41044840624978,0.292754355340263,1
1.3250307795168,1.09170167895341,1
1.40480703729774,0.680933616730021,1
1.50106354837638,1.00703858706507,1
1.18998384091899,0.948497220352603,1
1.17826328636216,1.4407515181766,1
0.796141395236266,0.184236756108993,1
0.958287189092871,1.17704139665593,1
0.602973840441916,0.733592239535023,1
0.233499899909178,1.07620595818423,1
0.440376988322173,1.24373240054405,1
1.34850103561433,1.62879923236421,1
1.42835470821099,1.33223210452165,1
0.932317316246442,1.66657020493489,1
0.052240075975511,0.454490802331415,1
1.64555030897932,0.625135875038043,1
0.418490702117394,0.640150261973775,1
1.25062035832398,1.3170628546407,1
1.18765252349003,0.718175655494991,1
0.808833726905235,1.14098607932621,1
0.776460150871142,1.12440347234578,1
0.348897552149793,1.34617389514444,1
0.965556463042706,0.890635120887325,1
0.674605510077509,0.041240428445791,1
1.46073689451935,0.698347059854104,1
0.895218468173512,0.888993910333042,1
1.29644483963933,0.84995176726373,1
1.70426225024987,1.17966209308038,1
0.734866371272911,0.706122968706133,1
1.9888637652648,0.574160554293536,1
0.701886966586635,0.486410775572751,1
0.983751963907363,0.872814179725233,1
1.44127034658496,0.538483448120152,1
0.305886108015186,1.58123029614593,1
-0.239329456083553,0.905193378559247,1
0.143015429515882,1.12136646598498,1
0.553808087761804,1.16831440709566,1
0.70967446698977,1.00638094006466,1
0.375147814914946,0.885495835048719,1
0.996582965262098,0.974849643783265,1
1.34653830400616,1.26087361583724,1
2.06421245291282,0.404751228833169,1
1.08346135491046,0.8979091474633,1
1.14284771264479,1.44854997546571,1
1.77762843975614,1.5119506054145,1
0.508346754390777,0.569746058214535,1
0.47665188916003,0.890426793654496,1
0.249851418063935,0.823119065001453,1
0.208624813727078,0.790878100580048,1
0.881532006108463,1.3608189145512,1
0.872990275320113,0.783102823453501,1
1.16484717784928,0.583277105820968,1
